product_handle,review_count
advanced-acousticwerkes-a3h-pro-triple-driver-hybrid-custom-in-ear-monitor,42
advanced-acousticwerkes-a2h-pro-dual-driver-hybrid-custom-in-ear-monitor,36
advanced-acousticwerkes-nebula-one-universal-in-ear-monitor,32
advanced-acousticwerkes-axh-universal-in-ear-monitor,32
canary-isobaric-electrostatic-universal-in-ear-monitor,24
aaw-q-in-canal-monitor,21
advanced-acousticwerkes-a1d-dynamic-custom-in-ear-monitor,16
ach-ceramic-universal-in-ear-monitor,11
m5-5d-in-ear-monitors,11
advanced-acousticwerkes-a3h-universal-in-ear-monitor,11
advanced-acousticwerkes-m80-custom-in-ear-monitor,10
project-4-2-electrostatic-hybrid-in-ear-monitor,9
advanced-acousticwerkes-w500-reference-hybrid-custom-in-ear-monitor,8
advanced-acousticwerkes-axh-custom-in-ear-monitor,7
advanced-acousticwerkes-w900-reference-hybrid-custom-in-ear-monitor,6
kingfisher-ceramic-gaming-universal-in-ear-monitor,5
ash-universal-in-ear-monitor,5
w300ar-acoustic-reference-hybrid-custom-in-ear-monitor,5
w100-reference-dynamic-custom-in-ear-monitor,4
advanced-acousticwerkes-a2h-hybrid-universal-in-ear-monitor,4
a3h-wireless-universal-in-ear-monitor,3
m5-1d-in-ear-monitors,3
advanced-acousticwerkes-w350-reference-custom-in-ear-monitor,3
advanced-acousticwerkes-a1d-universal-custom-in-ear-monitor,3
pola-electrostatic-universal-in-ear-monitor,3
aaw-ath-6-driver-hybrid-custom-in-ear-monitor-1,3
advanced-acousticwerkes-halcyon-universal-in-ear-monitor,2
aaw-canary-isobaric-electrostatic-custom-in-ear-monitor,2
ash-custom-in-ear-monitor,2
aaw-nebula-two-universal-in-ear-monitor,2
aaw-z06-6-driver-custom-in-ear-monitor,2
advanced-acousticwerkes-a3h-triple-driver-hybrid-custom-in-ear-monitor,1
advanced-acousticwerkes-a2h-v-dual-driver-hybrid-custom-in-ear-monitor,1
advanced-acousticwerkes-w500-ahmorph-reference-hybrid-custom-in-ear-monitor,1
aaw-w900-uiem-ciem-demo-sale,1
aaw-m40-uiem-ciem-demo-sale,1
aaw-z06-universal-6-driver-in-ear-monitor,1
aaw-axh-uiem-ciem-demo-sale,1
mockingbird-hybrid-in-ear-monitor,1
